{"assets/font/HindVadodara-Bold.ttf":["assets/font/HindVadodara-Bold.ttf"],"assets/font/HindVadodara-Light.ttf":["assets/font/HindVadodara-Light.ttf"],"assets/font/HindVadodara-Medium.ttf":["assets/font/HindVadodara-Medium.ttf"],"assets/font/HindVadodara-Regular.ttf":["assets/font/HindVadodara-Regular.ttf"],"assets/font/HindVadodara-SemiBold.ttf":["assets/font/HindVadodara-SemiBold.ttf"],"assets/font/OFL1.txt":["assets/font/OFL1.txt"],"assets/font/OFL2.txt":["assets/font/OFL2.txt"],"assets/font/Yantramanav-Black.ttf":["assets/font/Yantramanav-Black.ttf"],"assets/font/Yantramanav-Bold.ttf":["assets/font/Yantramanav-Bold.ttf"],"assets/font/Yantramanav-Light.ttf":["assets/font/Yantramanav-Light.ttf"],"assets/font/Yantramanav-Medium.ttf":["assets/font/Yantramanav-Medium.ttf"],"assets/font/Yantramanav-Regular.ttf":["assets/font/Yantramanav-Regular.ttf"],"assets/font/Yantramanav-Thin.ttf":["assets/font/Yantramanav-Thin.ttf"],"assets/image/login_background.webp":["assets/image/login_background.webp"],"assets/linux/launcher.png":["assets/linux/launcher.png"],"assets/sound/disconnected.wav":["assets/sound/disconnected.wav"],"assets/sound/in_call.wav":["assets/sound/in_call.wav"],"assets/sound/normal.wav":["assets/sound/normal.wav"],"assets/sound/reconnected.wav":["assets/sound/reconnected.wav"]}